{"cameraMode":{"drawMode":0,"name":"Shaded","section":"Shading Mode"},"sceneLighting":false,"audioPlay":false,"sceneViewState":{"m_AlwaysRefresh":false,"showFog":true,"showSkybox":true,"showFlares":true,"showImageEffects":true,"showParticleSystems":true,"showVisualEffectGraphs":true,"m_FxEnabled":true},"in2DMode":false,"pivot":{"x":238.65719604492188,"y":0.8278235197067261,"z":176.6868896484375},"rotation":{"x":0.0018724283436313272,"y":0.9866074919700623,"z":-0.06684210151433945,"w":0.15483449399471284},"size":1.2247447967529297,"orthographic":false}